aln_col,a2,region,alpha,beta,dNdS,p
1,1,Nterm,0,0,0,1
2,2,Nterm,0,0,0,1
3,3,Nterm,0.0079404,0.761474,0.753534,0.521862
4,4,Nterm,1.05127,1.07789,0.0266198,1
5,5,Nterm,0,0,0,1
6,6,Nterm,1.42132,2.16987e-05,-1.4213,0.08426
7,7,Nterm,3.44478,1.74952e-05,-3.44476,0.0798095
8,8,Nterm,0,0,0,1
9,9,Nterm,2.2396,2.70493e-05,-2.23957,0.0345783
10,10,Nterm,2.15645,0.000118126,-2.15633,0.0177223
11,11,Nterm,0,0,0,1
12,12,Nterm,1.07789,0.521761,-0.556133,0.61306
13,13,Nterm,0,0,0,1
14,14,Nterm,2.90978,1.2972e-05,-2.90976,0.0453421
15,15,Nterm,0.00387452,1.51549,1.51161,0.0735167
16,16,Nterm,1.04671,3.94152e-05,-1.04667,0.139346
17,17,Nterm,0.01,0.5,0.49,0.965012
18,18,Nterm,1.42132,2.16987e-05,-1.4213,0.0835936
19,19,Nterm,0,0,0,1
20,20,Nterm,1.07789,0.521761,-0.556133,0.582179
21,21,Nterm,0,0,0,1
22,22,Nterm,0,0,0,1
23,23,Nterm,2.07717,8.04737e-09,-2.07717,0.00853637
24,24,Nterm,0.695514,8.75023e-05,-0.695427,0.142169
25,25,Nterm,1.49383,1.31084e-30,-1.49383,0.0483654
26,26,Nterm,0,0,0,1
27,27,Nterm,0,0,0,1
28,28,Nterm,0.654267,6.42796e-05,-0.654203,0.156601
29,29,Nterm,3.03402,0.000137507,-3.03389,0.0104542
30,30,Nterm,0.693053,0.00310024,-0.689953,0.144185
31,31,Nterm,0,0,0,1
32,32,Nterm,1.46005,0.000115694,-1.45994,0.0984688
33,33,Nterm,1.42292,2.39274e-05,-1.4229,0.0372175
34,34,Nterm,0,0,0,1
35,35,Nterm,0.442796,2.93001e-05,-0.442766,0.156301
36,36,Nterm,0,0,0,1
37,37,Nterm,0,0,0,1
38,38,Nterm,0,0,0,1
39,39,Nterm,0,0,0,1
40,40,Nterm,0,0,0,1
41,41,Nterm,2.34261,0.000108418,-2.3425,0.0143857
42,42,Nterm,0,0,0,1
43,43,Nterm,0,0,0,1
44,44,Nterm,0.457473,9.44362e-05,-0.457378,0.198145
45,45,Nterm,0.939563,2.20229e-05,-0.939541,0.0567579
46,46,Nterm,1.22268,5.22204e-05,-1.22262,0.0317821
47,47,Nterm,0,0,0,1
48,48,Nterm,0,0,0,1
49,49,Nterm,0,0,0,1
50,50,Nterm,1.09146,0.000232402,-1.09123,0.0870699
51,51,Nterm,0,0,0,1
52,52,Nterm,0.857623,5.65699e-05,-0.857566,0.169613
53,53,Nterm,0,0,0,1
54,54,Nterm,0,0,0,1
55,55,Nterm,0,0,0,1
56,56,Nterm,0,0,0,1
57,57,Nterm,5.24245e-06,1.36768,1.36767,0.244414
58,58,Nterm,3.04624,3.38208e-05,-3.04621,0.00443036
59,59,Nterm,0,0,0,1
60,60,Nterm,0,0,0,1
61,61,Nterm,0,0,0,1
62,62,Nterm,0,0,0,1
63,63,Nterm,2.206,0.000170756,-2.20583,0.0176723
64,64,Nterm,4.13573,3.28774e-05,-4.1357,0.000480323
65,65,Nterm,0,0,0,1
66,66,Nterm,0,0,0,1
67,67,Nterm,0.00967564,0.466539,0.456864,0.451522
68,68,Nterm,0,0,0,1
69,69,Nterm,0,0,0,1
70,70,Nterm,0,0,0,1
71,71,Nterm,1.18353,0.376976,-0.806549,0.32637
72,72,Nterm,0,0,0,1
73,73,Nterm,0,0,0,1
74,74,Nterm,0,0,0,1
75,75,Nterm,0,0,0,1
76,76,Nterm,0,0,0,1
77,77,Nterm,0,0,0,1
78,78,Nterm,0,0,0,1
79,79,Nterm,1.91321,0.695881,-1.21733,0.451373
80,80,Nterm,4.67544,0.000958612,-4.67449,0.000923952
81,81,Nterm,1.44545,0.700002,-0.745449,0.611791
82,82,Nterm,0,0,0,1
83,83,Nterm,0,0,0,1
84,84,Nterm,2.44027,0.795863,-1.64441,0.299305
85,85,Nterm,0,0,0,1
86,86,Nterm,1.94068,5.92499e-06,-1.94067,0.0791325
87,87,Nterm,1.06429,4.21904e-05,-1.06425,0.143118
88,88,Nterm,0.0108452,0.385806,0.374961,0.549709
89,89,Nterm,0.00416243,1.0924,1.08824,0.309538
90,90,Nterm,0.01,0.5,0.49,0.4477
91,91,Nterm,1.17086,2.45418e-05,-1.17084,0.0659689
92,92,Nterm,3.37103,2.78881e-07,-3.37103,0.00983901
93,93,Nterm,0,0,0,1
94,94,Nterm,0.546171,0.000429098,-0.545741,0.271724
95,95,Nterm,2.30198,0.748981,-1.553,0.287568
96,96,Nterm,0.00625564,0.951762,0.945506,0.204433
97,97,Nterm,0.446157,0.798459,0.352302,0.610062
98,98,Nterm,0,0,0,1
99,99,Nterm,0.00852466,0.672533,0.664009,0.303596
100,100,Nterm,0.00641375,0.934666,0.928252,0.284672
101,101,Nterm,0.0028659,0.246911,0.244045,0.571806
102,102,Nterm,0.0055569,1.06118,1.05562,0.189402
103,103,Nterm,0,0,0,1
104,104,Nterm,0.731002,0.384133,-0.346869,0.554123
105,105,Nterm,5.49664,0.354864,-5.14178,0.00299513
106,106,Nterm,0.000208535,1.5103,1.51009,0.224094
107,107,Nterm,2.91541e-06,0.521761,0.521758,0.210629
108,108,Nterm,0.0104175,0.521761,0.511343,0.488808
109,109,Nterm,0,0,0,1
110,110,Nterm,0.00641375,0.934666,0.928252,0.47961
111,111,Nterm,4.58594,0.769453,-3.81649,0.0383193
112,112,Nterm,1.02612,1.12393,0.0978116,0.956711
113,113,Nterm,0.00641375,0.934666,0.928252,0.226848
114,114,Nterm,0.00893542,0.592398,0.583463,0.597863
115,115,Nterm,1.92127,1.94772,0.0264581,0.976242
116,116,Nterm,1.97053,0.680738,-1.28979,0.210105
117,117,Nterm,1.87303,0.780687,-1.09235,0.499517
118,118,Nterm,0.00183836,2.24954,2.2477,0.150842
119,119,Nterm,0,0,0,1
120,120,Nterm,0.00104822,1.19866,1.19761,0.281231
121,121,Nterm,0.521942,0.901289,0.379346,0.674393
122,122,Nterm,1.92315,1.03744,-0.885714,0.415834
123,123,Nterm,1.60519,0.897854,-0.707339,0.548851
124,124,Nterm,4.04313,0.361656,-3.68147,0.0534896
125,125,Nterm,0.0055569,1.06118,1.05562,0.202356
126,126,Nterm,3.32573,0.741565,-2.58417,0.164924
127,127,Nterm,0,0,0,1
128,128,Nterm,1.01575,2.73326e-05,-1.01572,0.102188
129,129,Nterm,0.00849165,0.532964,0.524473,0.47873
130,130,Nterm,1.72367,0.534221,-1.18945,0.421627
131,131,Nterm,0.00788047,0.556041,0.54816,0.349281
132,132,Nterm,0,0,0,1
133,133,Nterm,0.00397019,1.18585,1.18188,0.167429
134,134,Nterm,0.0079404,0.761474,0.753534,0.517314
135,135,Nterm,0.00691294,0.714593,0.70768,0.366669
136,136,Nterm,0.0055569,1.06118,1.05562,0.313546
137,137,Nterm,0.00849165,0.532964,0.524473,0.478364
138,138,Nterm,1.83045,0.544389,-1.28606,0.396961
139,139,Nterm,0.00849165,0.532964,0.524473,0.366355
140,140,Nterm,0.00641375,0.934666,0.928252,0.472651
141,141,Nterm,0.000140594,1.57766,1.57752,0.40137
142,142,Nterm,2.80615,1.58075,-1.2254,0.554993
143,143,Nterm,3.99423,1.11843,-2.8758,0.0510246
144,144,Nterm,0.00899048,0.450583,0.441592,0.453415
145,145,Nterm,3.37875,0.788376,-2.59037,0.335274
146,146,Nterm,2.17547,0.737996,-1.43748,0.295271
147,147,Nterm,3.66997,0.530847,-3.13913,0.073273
148,148,Nterm,1.85699,0.533318,-1.32367,0.396812
149,149,Nterm,0,0,0,1
150,150,Nterm,0,0,0,1
151,151,Nterm,0.00723863,0.753592,0.746353,0.274543
152,152,Nterm,0,0,0,1
153,153,Nterm,3.43533,0.67546,-2.75987,0.0872021
154,154,Nterm,0,0,0,1
155,155,Nterm,0.0108452,0.385806,0.374961,0.549868
156,156,Nterm,0.00641375,0.934666,0.928252,0.472938
157,157,CCR,0.00642982,0.692203,0.685773,0.367953
158,158,CCR,0,0,0,1
159,159,CCR,1.07958,1.74456e-05,-1.07957,0.0996726
160,160,CCR,3.77194,0.000106554,-3.77184,0.0136834
161,161,CCR,0.544801,0.638349,0.0935475,0.899493
162,162,CCR,0,0,0,1
163,163,CCR,0.539836,0.464532,-0.075304,0.916055
164,164,CCR,1.44115,0.000566142,-1.44059,0.0907124
165,165,CCR,0,0,0,1
166,166,CCR,0,0,0,1
167,167,CCR,0,0,0,1
168,168,CCR,1.37529,0.237566,-1.13773,0.236236
169,169,CCR,1.43227,0.000292141,-1.43197,0.0811923
170,170,CCR,0,0,0,1
171,171,CCR,1.35465,8.25081e-05,-1.35457,0.0541395
172,172,CCR,1.05026,1.2242e-07,-1.05026,0.101562
173,173,CCR,0.010559,0.353273,0.342714,0.508443
174,174,CCR,0.00967564,0.466539,0.456864,0.453359
175,175,CCR,0,0,0,1
176,176,CCR,0,0,0,1
177,177,CCR,1.42132,2.16987e-05,-1.4213,0.0945082
178,178,CCR,1.35195,1.70881,0.356865,0.833179
179,179,CCR,0,0,0,1
180,180,CCR,1.87191,5.05041e-06,-1.8719,0.0575689
181,181,CCR,3.52878,4.56684e-06,-3.52877,0.00821283
182,182,CCR,1.42758,7.24538e-05,-1.42751,0.0725076
183,183,CCR,0,0,0,1
184,184,CCR,5.32138,0.357001,-4.96438,0.0017552
185,185,CCR,1.09231,0.334647,-0.757664,0.406669
186,186,CCR,0,0,0,1
187,187,CCR,1.90451,4.01833e-05,-1.90447,0.0759755
188,188,CCR,0,0,0,1
189,189,CCR,4.21325,1.07137e-05,-4.21324,0.019822
190,190,CCR,6.15171,2.21799e-06,-6.15171,0.000915354
191,191,CCR,0.00812176,0.682518,0.674397,0.372464
192,192,CCR,0,0,0,1
193,193,CCR,3.38744,0.000739015,-3.3867,0.064447
194,194,CCR,0.917796,0.374286,-0.54351,0.451514
195,195,CCR,1.85461,0.363973,-1.49064,0.27073
196,196,CCR,0.00615148,0.827475,0.821323,0.236617
197,197,CCR,0,0,0,1
198,198,CCR,1.04671,3.94152e-05,-1.04667,0.139383
199,199,Mucin,0,0,0,1
200,200,Mucin,1.04671,3.94152e-05,-1.04667,0.139836
201,201,Mucin,2.98881,7.9634e-06,-2.9888,0.0262343
202,202,Mucin,1.0672,7.62369e-05,-1.06712,0.100881
203,203,Mucin,1.7617,0.553942,-1.20776,0.415914
204,204,Mucin,3.36447,1.64597,-1.7185,0.578606
205,205,Mucin,3.21501,0.796452,-2.41856,0.351913
206,206,Mucin,0.00615148,0.827475,0.821323,0.378956
207,207,Mucin,1.05127,0.532964,-0.518309,0.6302
208,208,Mucin,0.0102772,0.295288,0.285011,0.49972
209,209,Mucin,1.57132,2.34259,0.771271,0.673072
210,210,Mucin,0.0055569,1.06118,1.05562,0.313448
211,211,Mucin,1.05127,0.532964,-0.518309,0.63778
212,212,Mucin,0,0,0,1
213,213,Mucin,3.4655,1.56568,-1.89982,0.549419
214,214,Mucin,0.530214,0.392697,-0.137517,0.81616
215,215,Mucin,1.09547,0.405963,-0.68951,0.493764
216,216,Mucin,0.0079404,0.761474,0.753534,0.520118
217,217,Mucin,7.13138e-06,0.366187,0.36618,0.271772
218,218,Mucin,0,0,0,1
219,219,Mucin,1.01893,0.53438,-0.484547,0.65966
220,220,Mucin,0,0,0,1
221,221,Mucin,3.55818,0.767407,-2.79078,0.318689
222,222,Mucin,0.00723863,0.753592,0.746353,0.390316
223,223,Mucin,1.12966,1.19886,0.0692082,1
224,224,Mucin,0.00657414,0.880605,0.874031,0.473851
225,225,Mucin,0.00031248,1.57526,1.57495,0.206065
226,226,Mucin,1.01286,0.950691,-0.0621729,0.952467
227,227,Mucin,5.0123,0.000485601,-5.01181,0.000977172
228,228,Mucin,1.01893,1.08127,0.0623415,0.972409
229,229,Mucin,0.803094,5.92663e-05,-0.803035,0.235663
230,230,Mucin,5.46094,1.53478,-3.92616,0.0368329
231,231,Mucin,1.95162,0.5358,-1.41582,0.382434
232,232,Mucin,2.42197,2.37939,-0.0425826,1
233,233,Mucin,0.003404,1.65136,1.64796,0.0901705
234,234,Mucin,8.86246e-05,1.15598,1.15589,0.288413
235,235,Mucin,1.04671,3.94152e-05,-1.04667,0.140407
236,236,Mucin,0,0,0,1
237,237,Mucin,0.00932638,3.94304,3.93371,0.0340795
238,238,Mucin,1.07789,1.05127,-0.0266198,0.996667
239,239,Mucin,6.35591,1.70023,-4.65568,0.0523105
240,240,Mucin,0,0,0,1
241,241,Mucin,0.00490052,1.15442,1.14952,0.300436
242,242,Mucin,0.00381183,1.41856,1.41475,0.199168
243,243,Mucin,0.00757,0.686871,0.679301,0.302112
244,244,Mucin,0.000446934,1.66227,1.66183,0.275945
245,245,Mucin,1.88449,0.542764,-1.34172,0.209699
246,246,Mucin,0.00849165,0.532964,0.524473,0.476939
247,247,Mucin,0.00893832,2.33449,2.32555,0.00385094
248,248,Mucin,1.0764,0.793056,-0.283344,0.820142
249,249,Mucin,3.35571,1.69562,-1.66009,0.431662
250,250,Mucin,1.07086,3.53959,2.46873,0.194904
251,251,Mucin,1.37851,0.7219,-0.656605,0.64347
252,252,Mucin,1.05127,1.07789,0.0266198,0.988148
253,253,Mucin,9.82745e-05,1.27894,1.27884,0.327051
254,254,Mucin,0.00691294,0.714593,0.70768,0.39826
255,255,Mucin,0,0,0,1
256,256,Mucin,0.00723863,0.753592,0.746353,0.385555
257,257,Mucin,0.0104175,0.439582,0.429164,0.617099
258,258,Mucin,0.00977721,3.17719,3.16741,0.0700094
259,259,Mucin,0,0,0,1
260,260,Mucin,0.520628,9.37456e-06,-0.520619,0.207736
261,261,Mucin,3.44478,1.74952e-05,-3.44476,0.0791476
262,262,Mucin,0.762893,3.38869,2.62579,0.0985461
263,263,Mucin,0.00657414,0.880605,0.874031,0.474647
264,264,Mucin,2.17069,1.09592,-1.07477,0.493447
265,265,Mucin,3.40797,0.264361,-3.14361,0.0169096
266,,insertion,2.29331,1.32951,-0.963793,0.643429
267,,insertion,2.49844,0.97531,-1.52313,0.676239
268,,insertion,0,0,0,1
269,,insertion,0,0,0,1
270,,insertion,4.59438,2.16396,-2.43042,0.454575
271,,insertion,6.90883,1.73734,-5.17149,0.324589
272,,insertion,0.000363146,1.96664,1.96628,0.193133
273,,insertion,0.010559,2.70502,2.69447,0.0507775
274,,insertion,0.00806162,8.94418,8.93611,0.0087561
275,,insertion,2.81715,0.910851,-1.9063,0.437269
276,,insertion,0.000157155,1.44916,1.449,0.385792
277,,insertion,3.75336,4.46074e-08,-3.75336,0.058089
278,,insertion,0.00734694,1.90214,1.8948,0.476627
279,,insertion,0,0,0,1
280,,insertion,8.56738,1.84588,-6.7215,0.0433713
281,,insertion,0.00535396,1.01803,1.01268,0.475572
282,,insertion,0,0,0,1
283,,insertion,3.92953,0.710432,-3.21909,0.142718
284,,insertion,0,0,0,1
285,,insertion,0,0,0,1
286,,insertion,1.47467,0.861133,-0.613537,0.700821
287,,insertion,4.55828,4.75964e-06,-4.55827,0.0511643
288,,insertion,0,0,0,1
289,,insertion,0.000172978,1.55154,1.55136,0.240801
290,266,Mucin,4.35073,0.448834,-3.90189,0.0318788
291,267,Mucin,1.87191,5.05041e-06,-1.8719,0.0610851
292,268,Mucin,2.195,2.84756e-05,-2.19497,0.0352277
293,269,Mucin,1.04947,0.547876,-0.501591,0.643861
294,270,Mucin,3.31474,1.42809,-1.88665,0.316588
295,271,Mucin,0.0104175,0.439582,0.429164,0.6178
296,272,Mucin,1.03174,0.341707,-0.690037,0.442064
297,273,Mucin,0.572831,2.89944,2.32661,0.0869557
298,274,Mucin,0.0074116,5.20335,5.19594,0.00259555
299,275,Mucin,0.00641375,0.934666,0.928252,0.284298
300,276,Mucin,2.33982,2.96451,0.624687,0.786248
301,277,Mucin,0,0,0,1
302,278,Mucin,3.44478,1.74952e-05,-3.44476,0.0798071
303,279,Mucin,0.0058021,1.04547,1.03966,0.184204
304,280,Mucin,2.26124,0.977704,-1.28354,0.314152
305,281,Mucin,5.99427,1.83191e-06,-5.99427,0.00258666
306,282,Mucin,0.0055569,1.06118,1.05562,0.314387
307,283,Mucin,1.0396,0.744751,-0.294848,0.770696
308,284,Mucin,0.761023,3.6089e-05,-0.760987,0.156379
309,285,Mucin,1.44115,0.000566142,-1.44059,0.0967679
310,286,Mucin,1.40766,2.30819,0.900526,0.517368
311,287,Mucin,2.06886,0.407209,-1.66165,0.293234
312,288,Mucin,0.00641375,0.934666,0.928252,0.479811
313,289,Mucin,1.67757e-05,0.363484,0.363467,0.277121
314,290,Mucin,0.822776,2.42815,1.60537,0.26145
315,291,Mucin,0.470014,2.25888e-05,-0.469991,0.201963
316,292,Mucin,1.65867,0.77959,-0.879084,0.558797
317,293,Mucin,1.07276,0.703257,-0.369501,0.761557
318,294,Mucin,1.47226,1.23848e-09,-1.47226,0.134535
319,295,Mucin,0.0094589,3.13752,3.12807,0.0972602
320,296,Mucin,0.010559,2.70502,2.69447,0.113492
321,297,Mucin,0.00875719,4.76156,4.75281,0.104622
322,298,Mucin,5.13591,20.3065,15.1706,0.261074
